E_MeV,electron_dLdE_ph_per_MeV,electron_L_ph,alpha_dLdE_ph_per_MeV,alpha_L_ph,o16_dLdE_ph_per_MeV,o16_L_ph,alpha_over_electron_L,o16_over_electron_L
0,42393.2061645,0,23146.8181433,0,19767.5232865,0,0,0
0.01,42393.2061645,423.932061645,23146.8181433,231.468181433,19767.5232865,197.675232865,0.546003009384,0.466289886398
0.0101393945768,42426.5772434,429.843770549,23070.4048333,234.68939655,19689.1900669,200.425258794,0.545987664891,0.466274661926
0.0102807322383,42459.6653487,435.842582062,22993.9855089,237.944713156,19610.9376014,203.202552866,0.545941867429,0.46622923328
0.0104240400702,42492.4724039,441.929735401,22917.5619051,241.234455316,19532.7676365,206.007352631,0.545866086827,0.466154087695
0.0105693455356,42525.0003285,448.106487121,22841.1357589,244.558949745,19454.6819113,208.839897381,0.545760788505,0.466049707789
0.0107166764803,42557.2510377,454.374111358,22764.7088091,247.918525828,19376.6821567,211.700428158,0.545626433441,0.465916571534
0.0108660611385,42589.2264417,460.733900077,22688.2827967,251.313515636,19298.770096,214.589187766,0.545463478148,0.465755152226
0.0110175281379,42620.9284464,467.187163314,22611.8594642,254.744253945,19220.9474444,217.506420782,0.545272374648,0.465565918462
0.011171106505,42652.3589527,473.735229434,22535.4405559,258.211078255,19143.2159087,220.452373564,0.545053570458,0.465349334115
0.0113268256714,42683.5198563,480.379445387,22459.0278174,261.714328807,19065.5771875,223.427294268,0.544807508564,0.465105858324
0.0114847154784,42714.4130479,487.121176961,22382.6229959,265.254348604,18988.0329709,226.43143285,0.544534627418,0.464835945468
0.0116448061837,42745.0404126,493.961809051,22306.22784,268.831483429,18910.5849403,229.465041086,0.544235360919,0.464540045165
0.0118071284667,42775.4038301,500.902745925,22229.8440993,272.446081864,18833.2347685,232.528372577,0.543910138406,0.464218602252
0.0119717134342,42805.5051746,507.94541149,22153.4735245,276.098495309,18755.9841192,235.621682762,0.543559384658,0.463872056785
0.0121385926269,42835.3463142,515.09124957,22077.1178674,279.789078001,18678.8346471,238.74522893,0.543183519882,0.463500844034
0.0123077980251,42864.9291112,522.341724183,22000.7788806,283.518187036,18601.7879979,241.899270229,0.542782959718,0.463105394476
0.0124793620547,42894.4261764,529.698334469,21924.4583174,287.286182385,18524.8458077,245.08406768,0.542358100243,0.462686121009
0.0126533175939,42923.6889751,537.162602715,21848.157932,291.093426915,18448.0097035,248.299884188,0.541909331446,0.462243430449
0.0128296979789,42952.6956286,544.736057607,21771.8794788,294.940286412,18371.2813025,251.546984551,0.541437054319,0.461777738114
0.0130085370109,42981.4480112,552.420247137,21695.624713,298.827129598,18294.6622123,254.825635473,0.540941667411,0.461289456339
0.013189868962,43009.9479902,560.216740944,21619.3953899,302.754328151,18218.1540308,258.136105577,0.54042356471,0.460778992684
0.0133737285821,43038.197426,568.127130609,21543.1932652,306.722256728,18141.7583458,261.478665416,0.539883135663,0.460246749941
0.0135601511057,43066.198172,576.153029966,21467.0200948,310.731292984,18065.4767352,264.853587483,0.539320765184,0.459693126145
0.0137491722581,43093.9520747,584.296075412,21390.8776345,314.781817594,17989.3107666,268.261146225,0.538736833671,0.459118514591
0.0139408282628,43121.4609731,592.557926219,21314.7676402,318.874214271,17913.2619973,271.701618053,0.538131717022,0.458523303851
0.0141351558484,43148.7266993,600.940264855,21238.6918677,323.008869792,17837.3319746,275.175281357,0.537505786652,0.457907877787
0.014332192255,43175.7510775,609.44479731,21162.6520724,327.186174016,17761.5222347,278.682416515,0.536859409515,0.457272615575
0.0145319752424,43202.5359247,618.073253419,21086.6500096,331.406519907,17685.8343037,282.223305906,0.536192948124,0.456617891721
0.0147345430962,43229.0830502,626.827387199,21010.6874341,335.670303556,17610.2696965,285.798233924,0.535506760572,0.455944076089
0.0149399346361,43255.3942557,635.708977182,20934.7661003,339.977924202,17534.8299177,289.407486988,0.534801200557,0.455251533918
0.0151481892226,43281.4713349,644.719826764,20858.887762,344.329784254,17459.5164606,293.051353556,0.534076617409,0.454540625851
0.0153593467651,43307.3520755,653.861768345,20783.0541723,348.726289317,17384.3308074,296.730124136,0.533333353011,0.45381170532
0.0155734477293,43333.013028,663.136661196,20707.2670837,353.167848209,17309.2744296,300.444091302,0.532571744068,0.453065120483
0.0157905331447,43358.4443479,672.546386718,20631.5282479,357.654872989,17234.348787,304.193549701,0.531792126242,0.452301217743
0.0160106446132,43383.6478067,682.092851358,20555.8394155,362.187778978,17159.5553283,307.978796071,0.530994831945,0.451520339875
0.0162338243161,43408.6251677,691.777988208,20480.2023364,366.766984782,17084.8954907,311.800129252,0.530180189358,0.450722825194
0.0164601150231,43433.3781859,701.603757374,20404.6187595,371.392912316,17010.3707,315.657850197,0.529348522457,0.449909007583
0.0166895600998,43457.9086078,711.572146355,20329.0904324,376.065986831,16935.9823702,319.552261989,0.528500151049,0.449079216528
0.0169222035164,43482.2181716,721.685170424,20253.6191017,380.786636932,16861.7319038,323.48366985,0.527635390802,0.448233777147
0.0171580898561,43506.3086068,731.944873012,20178.2065127,385.555294608,16787.6206913,327.452381158,0.526754553279,0.447373010226
0.0173972643234,43530.1816344,742.353326108,20102.8544095,390.372395253,16713.6501115,331.458705458,0.525857945972,0.446497232249
0.0176397727531,43553.8389668,752.912630652,20027.5645349,395.238377694,16639.8215313,335.502954475,0.52494587234,0.44560675544
0.0178856616188,43577.2823075,763.624916941,19952.3386302,400.153684214,16566.1363054,339.585442128,0.524018631839,0.444701887792
0.018134978042,43600.5133516,774.492345036,19877.1784352,405.118760578,16492.5957765,343.706484546,0.523076519962,0.443782933104
0.0183877698008,43623.533785,785.517105181,19802.0856883,410.134056062,16419.2012749,347.866400078,0.522119828273,0.442850191019
0.0186440853397,43646.3452849,796.701418222,19727.0621264,415.200023474,16345.9541191,352.065509309,0.521148844445,0.441903957062
0.0189039737782,43668.7505527,808.047510179,19652.1094846,420.317119184,16272.8556149,356.304135072,0.520163868942,0.44094453678
0.0191674849206,43690.8411432,819.557623081,19577.2294967,425.485803148,16199.9070556,360.582602466,0.519165207138,0.43997223906
0.0194346692654,43712.7333704,831.234056476,19502.4238944,430.706538941,16127.1097225,364.901238864,0.518153143012,0.438987353829
0.019705578015,43734.4288086,843.079157159,19427.694408,435.979793778,16054.4648839,369.260373934,0.517127947092,0.43799015881
0.0199802630857,43755.9290232,855.095304723,19353.0427659,441.306038544,15981.9737958,373.660339646,0.516089886247,0.436980927836
0.0202587771174,43777.2355714,867.284912009,19278.4706948,446.685747825,15909.6377013,378.101470292,0.51503922372,0.43595993088
0.0205411734835,43798.3500013,879.650425575,19203.9799193,452.119399933,15837.4578311,382.5841025,0.513976219175,0.4349274341
0.0208275063019,43819.2738528,892.194326164,19129.5721627,457.607476936,15765.4354029,387.108575244,0.51290112873,0.433883699876
0.0211178304445,43840.0086568,904.91912918,19055.2491458,463.150464689,15693.5716215,391.675229864,0.511814204998,0.43282898685
0.0214122015482,43860.5559357,917.827385176,18981.012588,468.748852862,15621.8676789,396.284410079,0.510715697126,0.431763549965
0.0217106760254,43880.917203,930.921680339,18906.8642064,474.403134971,15550.3247544,400.936461999,0.509605850837,0.430687640504
0.0220133110749,43901.0939637,944.204636989,18832.8057166,480.11380841,15478.9440139,405.631734145,0.508484908464,0.429601506129
0.022320164693,43921.0877136,957.678914084,18758.838832,485.881374479,15407.7266106,410.37057746,0.507353108994,0.428505390924
0.022631295684,43940.8999402,971.347207731,18684.9652638,491.706338417,15336.6736844,415.153345326,0.506210688108,0.427399535431
0.0229467636723,43960.5321219,985.212251702,18611.1867218,497.589209437,15265.7863623,419.98039358,0.505057878215,0.426284176688
0.0232666291133,43979.9242633,999.276808134,18537.5049135,503.530500753,15195.0657579,424.852080529,0.503894913456,0.425159552459
0.0235909533051,43999.0830824,1013.54366836,18463.9215444,509.530729618,15124.5129718,429.768766962,0.502722029178,0.424025900786
0.0239197984002,44018.0683837,1028.01567263,18390.4383182,515.590417355,15054.1290912,434.730816172,0.501539452249,0.422883451824
0.0242532274176,44036.8815841,1042.69571035,18317.0569365,521.710089392,14983.9151902,439.738593966,0.500347401655,0.421732428358
0.0245913042547,44055.5240916,1057.5867113,18243.779099,527.890275296,14913.8723295,444.792468686,0.499146093326,0.420573049884
0.0249340936995,44073.9973058,1072.69164615,18170.6065036,534.131508809,14844.0015564,449.892811221,0.497935740177,0.419405532647
0.0252816614433,44092.3026175,1088.01352712,18097.540846,540.434327882,14774.3039049,455.039995023,0.496716552146,0.418230089681
0.025634074093,44110.4414088,1103.55540849,18024.5838202,546.799274714,14704.7803958,460.234396127,0.495488736232,0.417046930845
0.0259913991838,44128.4150535,1119.32038719,17951.7371182,553.226895788,14635.4320361,465.476393163,0.494252496532,0.415856262863
0.0263537051927,44146.2249162,1135.31160343,17879.0024301,559.717741908,14566.2598197,470.766367377,0.493008034283,0.414658289366
0.0267210615508,44163.8723534,1151.53224129,17806.3814441,566.272368237,14497.2647269,476.104702643,0.491755547896,0.413453210922
0.0270935386573,44181.3587126,1167.98552931,17733.8758468,572.891334337,14428.4477244,481.491785482,0.490495232996,0.412241225081
0.0274712078927,44198.6853328,1184.67474114,17661.4873227,579.57520421,14359.8097658,486.928005079,0.489227282461,0.41102252641
0.0278541416324,44215.8535444,1201.60319615,17589.2175547,586.324546333,14291.3517907,492.4137533,0.487951886455,0.409797306529
0.0282424132608,44232.864669,1218.77426008,17517.0682239,593.139933705,14223.0747256,497.949424708,0.48666923247,0.408565754151
0.0286360971851,44249.6677199,1236.19133537,17445.0410095,600.021943888,14154.9794831,503.53541658,0.485379509402,0.407328058509
0.0290352688498,44266.2375299,1253.85785599,17373.1375893,606.971159044,14087.0669625,509.172128928,0.484082909512,0.406084410999
0.029440004751,44282.6565669,1271.77731422,17301.3596394,613.988165987,14019.3380496,514.859964509,0.482779618036,0.404834996467
0.0298503824512,44298.9260879,1289.9532673,17229.708834,621.073556219,13951.7936165,520.599328851,0.481469811319,0.403579991653
0.030266480594,44315.0473418,1308.38932219,17158.1868459,628.227925982,13884.4345217,526.390630266,0.480153663232,0.402319570589
0.0306883789192,44331.0215691,1327.08913619,17086.7953465,635.451876299,13817.2616102,532.234279868,0.478831345212,0.401053904634
0.0311161582782,44346.8500019,1346.05641773,17015.5360054,642.746013024,13750.2757136,538.130691592,0.477503026292,0.399783162507
0.0315499006496,44362.5338642,1365.29492698,16944.410491,650.110946886,13683.4776498,544.080282211,0.47616887314,0.398507510324
0.0319896891543,44378.0743717,1384.80847669,16873.4204699,657.547293542,13616.868223,550.083471357,0.474829050089,0.397227111631
0.0324356080724,44393.4727319,1404.60093281,16802.5676077,665.055673625,13550.4482242,556.140681534,0.473483719177,0.395942127436
0.0328877428583,44408.7301438,1424.6762153,16731.8535684,672.636712794,13484.2184306,562.252338144,0.472133040175,0.39465271625
0.0333461801579,44423.8477986,1445.03829887,16661.2800147,680.291041787,13418.1796058,568.418869499,0.470777170624,0.393359034111
0.0338110078248,44438.8268792,1465.69121375,16590.848608,688.019296471,13352.3325002,574.640706841,0.469416265867,0.392061234625
0.0342823149373,44453.66856,1486.63904642,16520.5610085,695.822117901,13286.6778505,580.918284366,0.468050479082,0.390759468994
0.0347601918154,44468.3740078,1507.88594047,16450.4188752,703.700152368,13221.2163798,587.252039235,0.466679961316,0.389453886049
0.035244730038,44482.8991144,1529.43608636,16380.4238657,711.654051462,13155.9487979,593.642411602,0.465304864851,0.388144635069
0.0357360224607,44497.1715174,1551.29370359,16310.5776367,719.684472125,13090.8758012,600.089844624,0.463925348539,0.386831870222
0.0362341632332,44511.3141438,1573.4630815,16240.8818435,727.792076712,13025.9980724,606.594784488,0.462541565334,0.385515740166
0.036739247818,44525.3280893,1595.94859924,16171.3381404,735.977533048,12961.3162809,613.157680428,0.461153657079,0.384196383719
0.037251373008,44539.2144421,1618.75469712,16101.9481806,744.241514492,12896.8310829,619.778984743,0.459761763668,0.382873937507
0.0377706369454,44552.9742827,1641.88587747,16032.7136161,752.584699998,12832.543121,626.459152821,0.458366023074,0.381548535996
0.0382971391405,44566.6086839,1665.3467055,15963.6360979,761.007774177,12768.4530244,633.198643155,0.456966571384,0.38022031152
0.0388309804906,44580.1187111,1689.14181016,15894.7172757,769.511427366,12704.5614093,639.997917363,0.455563542824,0.378889394316
0.0393722632996,44593.505422,1713.27588504,15825.9587984,778.096355691,12640.8688783,646.857440214,0.454157069791,0.377555912544
0.0399210912975,44606.7698666,1737.75368928,15757.3623136,786.763261137,12577.3760208,653.777679643,0.452747282879,0.376219992324
0.04047756966,44619.9130877,1762.58004849,15688.9294678,795.512851615,12514.0834132,660.759106772,0.451334310913,0.37488175776
0.041041805029,44632.9361203,1787.75985565,15620.6619062,804.345841038,12450.9916184,667.802195934,0.449918280968,0.37354133097
0.0416139055332,44645.8399921,1813.29807206,15552.5612731,813.262949386,12388.1011863,674.907424692,0.448499318405,0.372198832112
0.0421939808081,44658.6257234,1839.19972831,15484.6292113,822.264902787,12325.4126537,682.075273859,0.447077546897,0.370854379413
0.0427821420177,44671.2943269,1865.46992523,15416.8673625,831.352433589,12262.9265443,689.306227522,0.44565308845,0.369508089195
0.0433785018756,44683.8119479,1892.11382447,15349.2773668,840.526280438,12200.6433687,696.600773061,0.444226065879,0.368160077926
0.0439831746665,44696.021636,1919.13660118,15281.8608632,849.78718836,12138.5636246,703.959401171,0.442796613767,0.366810471302
0.0445962762682,44708.121335,1946.54351281,15214.6194888,859.135908834,12076.6877967,711.382605887,0.441364861963,0.365459390559
0.0452179241737,44720.1119751,1974.33994977,15147.5548794,868.573199886,12015.0163566,718.870884601,0.439930924756,0.36410694353
0.0458482375139,44731.9944799,2002.53137778,15080.6686689,878.099826162,11953.5497634,726.424738086,0.43849491494,0.362753236303
0.0464873370802,44743.7697662,2031.12333884,15013.9624894,887.716559023,11892.288463,734.04467052,0.437056943834,0.361398373247
0.0471353453479,44755.4387441,2060.12145237,14947.4379711,897.424176628,11831.2328888,741.731189507,0.435617121308,0.360042457038
0.0477923864994,44767.0023172,2089.53141625,14881.0967419,907.223464025,11770.3834614,749.484806099,0.434175555806,0.358685588678
0.0484585864482,44778.4613823,2119.35900792,14814.9404275,917.115213246,11709.7405886,757.306034819,0.432732354368,0.357327867525
0.049134072863,44789.8168296,2149.61008548,14748.9706511,927.100223397,11649.3046657,765.195393685,0.431287622653,0.355969391311
0.0498189751921,44801.0695428,2180.29058885,14683.1890332,937.179300756,11589.0760754,773.153404232,0.429841464963,0.354610256167
0.0505134246882,44812.220399,2211.40654087,14617.5971913,947.353258871,11529.0551879,781.180591536,0.428393984263,0.353250556647
0.0512175544336,44823.2702688,2242.96404849,14552.1967399,957.622918659,11469.2423608,789.277484235,0.426945282205,0.351890385745
0.0519314993659,44834.2200163,2274.9693039,14486.9892899,967.98910851,11409.6379396,797.444614558,0.425495459147,0.350529834926
0.0526553963033,44845.0704992,2307.42858578,14421.9764488,978.452664392,11350.2422571,805.682518344,0.424044614174,0.349168994139
0.0533893839715,44855.8141739,2340.34825737,14357.1598199,989.014429952,11291.055634,813.991735065,0.422592845675,0.347807952301
0.0541336030297,44866.1942087,2373.73467165,14292.5410023,999.675256634,11232.0783787,822.372807856,0.421140268359,0.346446811295
0.0548881960979,44876.4824347,2407.59427252,14228.1215904,1010.43600378,11173.3107874,830.826283534,0.419686994323,0.34508567038
0.0556533077843,44886.6796212,2441.93369466,14163.9031738,1021.29753875,11114.7531444,839.352712625,0.418233116233,0.343724612367
0.0564290847126,44896.7865319,2476.75966546,14099.8873365,1032.26073705,11056.4057217,847.952649386,0.416778725624,0.342363718698
0.0572156755506,44906.803925,2512.07900619,14036.0756571,1043.3264824,10998.2687795,856.626651835,0.415323912914,0.341003069459
0.0580132310383,44916.7325529,2547.89863342,13972.4697076,1054.49566693,10940.3425658,865.375281771,0.413868767423,0.339642743405
0.058821904017,44926.5731625,2584.22556024,13909.0710538,1065.76919124,10882.6273171,874.1991048,0.412413377392,0.338282817975
0.0596418494584,44936.326495,2621.0668977,13845.8812542,1077.14796455,10825.1232578,883.098690364,0.410957829995,0.336923369311
0.0604732244946,44945.9932862,2658.42985613,13782.9018597,1088.63290483,10767.8306009,892.074611762,0.40950221136,0.335564472278
0.061316188448,44955.5742664,2696.32174653,13720.1344134,1100.22493892,10710.7495475,901.127446179,0.408046606582,0.33420620048
0.0621709028616,44965.0701603,2734.74998197,13657.5804496,1111.92500268,10653.8802871,910.25777471,0.406591099738,0.332848626277
0.0630375315307,44974.4816872,2773.72207903,13595.2414934,1123.73404108,10597.222998,919.466182388,0.405135773904,0.331491820807
0.0639162405334,44983.8095611,2813.24565922,13533.1190604,1135.65300841,10540.7778466,928.753258209,0.403680711168,0.330135853996
0.0648071982631,44993.0544905,2853.32845048,13471.2146558,1147.68286834,10484.5449883,938.119595158,0.402225992644,0.328780794584
0.0657105754604,45002.2171784,2893.97828862,13409.529774,1159.82459412,10428.5245671,947.565790239,0.400771698487,0.327426710132
0.0666265452458,45011.0256263,2935.20299397,13348.0658977,1172.0791687,10372.7167156,957.092444496,0.399317924895,0.326073680921
0.0675552831533,45019.7309687,2977.01048222,13286.8244977,1184.44758489,10317.1215555,966.700163047,0.397864768015,0.324721786779
0.0684969671636,45028.3613373,3019.40890656,13225.8070317,1196.93084548,10261.7391973,976.389555107,0.396412305361,0.323371091933
0.0694517777382,45036.917349,3062.40654681,13165.014944,1209.52996343,10206.5697406,986.161234017,0.394960611838,0.322021658112
0.0704198978545,45045.3996158,3106.0117984,13104.4496649,1222.24596199,10151.6132739,996.015817271,0.393509761496,0.320673545988
0.0714015130401,45053.8087453,3150.23317397,13044.1126096,1235.0798749,10096.8698749,1005.95392654,0.39205982754,0.319326815188
0.0723968114091,45062.1453405,3195.07930503,12984.0051778,1248.03274649,10042.3396107,1015.97618772,0.390610882341,0.317981524315
0.0734059836976,45070.4100002,3240.55894359,12924.128753,1261.10563189,9988.02253759,1026.08323092,0.389162997446,0.316637730954
0.0744292233004,45078.6033183,3286.68096389,12864.4847015,1274.29959719,9933.91870117,1036.27569054,0.387716243587,0.315295491692
0.0754667263084,45086.7258846,3333.45436402,12805.074372,1287.61571956,9880.02813661,1046.55420527,0.386270690687,0.313954862128
0.0765186915457,45094.7782844,3380.88826774,12745.8990947,1301.0550875,9826.35086863,1056.9194181,0.384826407874,0.312615896889
0.0775853206079,45102.7610985,3428.99192616,12686.9601806,1314.61880091,9772.88691152,1067.37197641,0.383383463485,0.311278649642
0.0786668179007,45110.6749035,3477.77471956,12628.2589209,1328.30797138,9719.63626931,1077.91253193,0.381941925078,0.309943173107
0.0797633906793,45118.5202715,3527.2461592,12569.7965859,1342.12372225,9666.59893583,1088.54174083,0.380501859432,0.308609519071
0.0808752490877,45126.2977704,3577.41588907,12511.574425,1356.06718887,9613.77489476,1099.26026371,0.379063332563,0.307277738401
0.0820026061993,45133.751513,3628.2935433,12453.5936652,1370.13951877,9561.16411975,1110.06876565,0.377626424769,0.305947893245
0.0831456780577,45141.0743972,3679.88884981,12395.855511,1384.34187179,9508.76657447,1120.9679162,0.376191218891,0.304620047495
0.0843046837179,45148.3365451,3732.21181898,12338.3611437,1398.67542035,9456.58221271,1131.9583895,0.374757781226,0.303294251346
0.0854798452884,45155.5384408,3785.27264075,12281.1117202,1413.14134954,9404.61097849,1143.04086421,0.373326173214,0.301970550787
0.0866713879739,45162.6805648,3839.08164737,12224.1083733,1427.74085742,9352.85280609,1154.21602359,0.371896455602,0.300648990986
0.0878795401182,45169.7633941,3893.6493153,12167.3522104,1442.47515513,9301.30762019,1165.48455555,0.370468688451,0.299329616299
0.0891045332482,45176.7874023,3948.98626732,12110.8443133,1457.3454671,9249.9753359,1176.84715264,0.369042931134,0.298012470283
0.0903466021181,45183.7530595,4005.10327451,12054.5857375,1472.3530313,9198.85585887,1188.3045121,0.367619242347,0.296697595705
0.0916059847544,45190.6608323,4062.01125832,11998.5775121,1487.49909937,9147.94908541,1199.85733588,0.366197680108,0.295385034551
0.0928829225017,45197.511184,4119.7212927,11942.8206387,1502.78493688,9097.25490252,1211.50633072,0.364778301761,0.29407482804
0.0941776600687,45204.3045743,4178.24460619,11887.3160919,1518.21182351,9046.77318802,1223.25220812,0.363361163982,0.292767016633
0.0954904455752,45211.0414597,4237.59258411,11832.0648183,1533.78105325,8996.50381057,1235.09568438,0.361946322777,0.291461640039
0.0968215305997,45217.7222933,4297.77677072,11777.0677364,1549.49393464,8946.44662985,1247.0374807,0.360533833492,0.290158737232
0.0981711702275,45224.3475247,4358.80887144,11722.3257368,1565.35179097,8896.60149659,1259.07832311,0.359123750809,0.288858346454
0.0995396230998,45230.9176003,4420.70075513,11667.8396814,1581.3559605,8846.96825266,1271.21894261,0.357716128752,0.287560505228
0.100927151463,45233.9179068,4483.4620177,11613.6104037,1597.50779666,8797.54673115,1283.46007511,0.356311214493,0.286265406072
0.102334021219,45240.1228916,4547.10461356,11559.6387089,1613.80866833,8748.3367565,1295.80246152,0.354909069722,0.284973092032
0.103760501977,45246.2540242,4611.6431513,11505.9253737,1630.25995999,8699.33814456,1308.24684777,0.353509564054,0.28368345183
0.105206867102,45252.3119945,4677.09013621,11452.4711465,1646.86307202,8650.55070259,1320.79398485,0.352112750463,0.282396521424
0.106673393773,45258.2974868,4743.45824762,11399.2767476,1663.61942091,8601.97422958,1333.44462883,0.350718681194,0.281112336026
0.108160363031,45264.2111795,4810.76034137,11346.3428697,1680.53043946,8553.60851611,1346.1995409,0.349327407772,0.279830930118
0.109668059834,45270.0537454,4879.00945225,11293.6701779,1697.59757711,8505.4533445,1359.05948741,0.347938981,0.27855233746
0.111196773112,45275.8258519,4948.21879647,11241.2593103,1714.82230007,8457.50848893,1372.02523991,0.34655345097,0.277276591102
0.112746795824,45281.5281603,5018.40177422,11189.1108788,1732.20609169,8409.77371556,1385.09757517,0.345170867066,0.276003723393
0.114318425013,45287.1613268,5089.5719722,11137.2254692,1749.75045263,8362.24878258,1398.27727522,0.343791277968,0.274733765994
0.11591196186,45292.7260016,5161.74316622,11085.6036424,1767.45690115,8314.9334402,1411.56512741,0.342414731658,0.273466749885
0.117527711746,45298.2228296,5234.92932387,11034.2459346,1785.32697337,8267.82743089,1424.96192441,0.341041275425,0.272202705375
0.11916598431,45303.6524501,5309.1446071,10983.1528589,1803.36222355,8220.93048948,1438.46846426,0.339670955871,0.270941662115
0.120827093504,45309.0154969,5384.40337504,10932.3249054,1821.56422436,8174.24234301,1452.08555043,0.338303818916,0.269683649104
0.12251135766,45314.3125983,5460.72018664,10881.762543,1839.93456715,8127.76271117,1465.81399182,0.336939909804,0.2684286947
0.124219099545,45319.5443772,5538.10980352,10831.4662199,1858.47486226,8081.4913061,1479.65460282,0.335579273109,0.267176826629
0.125950646426,45324.7114511,5616.58719273,10781.4363651,1877.18673929,8035.42783259,1493.60820335,0.33422195274,0.265928071995
0.127706330131,45329.814432,5696.16752967,10731.6733896,1896.07184741,7989.57198815,1507.67561888,0.332867991949,0.264682457289
0.129486487115,45334.8539267,5776.86620094,10682.1776875,1915.13185568,7943.92346315,1521.85768048,0.331517433339,0.263440008397
0.131291458521,45339.8305365,5858.69880733,10632.9496379,1934.36845335,7898.48194084,1536.15522487,0.330170318866,0.262200750608
0.13312159025,45344.7448574,5941.68116671,10583.9896058,1953.78335021,7853.24709748,1550.56909442,0.328826689852,0.260964708626
0.134977233023,45349.5974804,6025.82931717,10535.297944,1973.37827686,7808.21860241,1565.10013724,0.32748658699,0.259731906574
0.13685874245,45354.3889908,6111.15951997,10486.8749944,1993.15498514,7763.39611813,1579.74920718,0.326150050351,0.258502368007
0.138766479098,45359.1199691,6197.68826272,10438.7210899,2013.11524841,7718.77930039,1594.5171639,0.324817119395,0.257276115918
0.14070080856,45363.7909903,6285.4322625,10390.836556,2033.26086192,7674.36779829,1609.40487287,0.323487832978,0.256053172743
0.142662101526,45368.4026245,6374.40846905,10343.2217123,2053.59364324,7630.16125437,1624.41320546,0.32216222936,0.254833560376
0.144650733852,45372.9554365,6464.63406803,10295.8768747,2074.11543256,7586.1593047,1639.54303894,0.320840346218,0.253617300172
0.146667086634,45377.4499861,6556.12648426,10248.8023568,2094.82809312,7542.36157889,1654.79525652,0.319522220651,0.252404412956
0.148711546281,45381.886828,6648.90338509,10201.9984723,2115.73351164,7498.76770035,1670.17074745,0.318207889196,0.251194919029
0.150784504586,45386.2665119,6742.98268375,10155.4655361,2136.83359868,7455.37728617,1685.67040697,0.316897387833,0.249988838179
0.152886358806,45390.5895824,6838.38254277,10109.2038667,2158.13028913,7412.18994734,1701.29513644,0.315590751999,0.248786189687
0.155017511734,45394.8565794,6935.12137746,10063.2137881,2179.6255426,7369.20528882,1717.0458433,0.3142880166,0.247586992332
0.157178371777,45399.0680374,7033.21785942,10017.4956316,2201.32134392,7326.42290954,1732.9234412,0.31298921602,0.246391264402
0.159369353038,45403.2244866,7132.6909201,9972.04973755,2223.21970358,7283.84240266,1748.92884996,0.311694384137,0.245199023699
0.16159087539,45407.3264519,7233.55975442,9926.87645774,2245.32265823,7241.45889794,1765.06299071,0.31040355433,0.244010286861
0.163843364558,45411.3744534,7335.84382445,9881.9761568,2267.63227121,7199.27510636,1781.32678917,0.309116759499,0.242825069862
0.166127252203,45415.3690067,7439.5628631,9837.34921436,2290.15063301,7157.29204257,1797.72118234,0.307834032073,0.241643388923
0.168442976004,45419.3106223,7544.73687787,9792.99602701,2312.87986185,7115.50927508,1814.2471152,0.306555404024,0.24046526003
0.170790979739,45423.1998063,7651.38615475,9748.91700995,2335.82210425,7073.92636694,1830.90553914,0.305280906885,0.239290698719
0.173171713372,45427.0370597,7759.53126201,9705.11259896,2358.97953555,7032.54287585,1847.69741203,0.304010571759,0.238119720076
0.175585633141,45430.8228792,7869.19305415,9661.58325223,2382.35436054,6991.35835426,1864.62369824,0.302744429339,0.236952338748
0.178033201643,45434.5577568,7980.39267591,9618.32945207,2405.94881406,6950.37234943,1881.6853687,0.301482509917,0.235788568948
0.180514887922,45438.2421798,8093.15156629,9575.35170668,2429.76516165,6909.58440351,1898.88340095,0.300224843406,0.234628424465
0.183031167562,45441.876631,8207.49146261,9532.65055185,2453.80570017,6868.99405362,1916.21877917,0.298971459349,0.233471918661
0.185582522776,45445.4615887,8323.43440471,9490.22655265,2478.07275851,6828.60083199,1933.69249423,0.29772238694,0.232319064488
0.188169442497,45448.9975268,8441.00273914,9448.08030496,2502.56869826,6788.4042659,1951.30554375,0.296477655037,0.231169874487
0.190792422477,45452.4849145,8560.21912341,9406.21243713,2527.29591445,6748.40387796,1969.05893212,0.295237292179,0.230024360795
0.193451965374,45455.924217,8681.10653034,9364.6236114,2552.2568363,6708.59918599,1986.95367059,0.294001326603,0.228882535152
0.196148580858,45459.3158948,8803.68825243,9323.31452543,2577.45392797,6668.98970328,2004.99077725,0.292769786261,0.227744408907
0.198882785699,45462.6604041,8927.9879063,9282.28591365,2602.88968937,6629.57493851,2023.17127716,0.291542698835,0.226609993024
0.201655103872,45465.958197,9054.02943723,9241.5385486,2628.56665697,6590.35439593,2041.49620234,0.290320091755,0.225479298084
0.204466066658,45469.2097211,9181.83712368,9201.07324229,2654.48740467,6551.32757544,2059.96659182,0.289101992217,0.224352334295
0.20731621274,45472.4154199,9311.43558198,9160.89084731,2680.65454468,6512.49397259,2078.58349172,0.287888427201,0.223229111496
0.210206088313,45475.5757327,9442.849771,9120.99225813,2707.07072838,6473.85307876,2097.34795528,0.286679423483,0.22210963916
0.213136247184,45478.6910947,9576.10499691,9081.37841209,2733.73864733,6435.40438114,2116.26104291,0.285475007659,0.220993926403
0.216107250881,45481.7619369,9711.22691801,9042.05029053,2760.66103417,6397.14736287,2135.32382225,0.284275206158,0.219881981986
0.219119668758,45484.7886862,9848.24154966,9003.00891975,2787.84066365,6359.08150312,2154.53736819,0.283080045264,0.218773814322
0.222174078106,45487.7717656,9987.17526921,8964.25537195,2815.28035366,6321.20627712,2173.90276296,0.281889551126,0.217669431482
0.225271064265,45490.711594,10128.054821,8925.79076616,2842.98296629,6283.52115628,2193.42109615,0.280703749784,0.216568841195
0.22841122073,45493.6085863,10270.9073217,8887.61626891,2870.95140893,6246.02560823,2213.09346479,0.279522667181,0.21547205086
0.231595149274,45496.4631536,10415.760265,8849.73309521,2899.18863539,6208.71909694,2232.92097338,0.278346329181,0.214379067545
0.234823460055,45499.2757029,10562.6415274,8812.1425091,2927.69764711,6171.60108274,2252.90473394,0.277174761589,0.213289897995
0.238096771738,45502.0466377,10711.5793732,8774.84582439,2956.48149429,6134.67102245,2273.04586606,0.276007990166,0.212204548636
0.24141571161,45504.7763572,10862.6024599,8737.84440522,2985.54327723,6097.92836939,2293.34549699,0.274846040647,0.211123025578
0.244780915704,45507.4652572,11015.739844,8701.13966668,3014.88614753,6061.37257351,2313.80476165,0.273688938758,0.210045334623
0.248193028919,45510.1137298,11171.020986,8664.73307532,3044.51330946,6025.00308145,2334.42480269,0.272536710233,0.208971481266
0.251652705141,45512.722163,11328.4757565,8628.62614957,3074.42802131,5988.81933658,2355.20677057,0.271389380832,0.207901470701
0.255160607373,45515.2909415,11488.1344416,8592.82046023,3104.63359681,5952.82077913,2376.15182358,0.270246976355,0.206835307826
0.25871740786,45517.8204462,11650.0277491,8557.31763085,3135.13340657,5917.01230402,2397.26113762,0.269109522663,0.205772998078
0.262323788216,45520.3110546,11814.1868137,8522.11933806,3165.93087956,5881.39854572,2418.53591619,0.267977045691,0.204714548224
0.265980439559,45522.7631403,11980.6432034,8487.22731191,3197.0295047,5845.9681455,2439.97736177,0.266849571464,0.203659963855
0.269688062639,45525.1770738,12149.4289257,8452.64333616,3228.43283239,5810.72053352,2461.58666576,0.265727126118,0.202609248617
0.273447367974,45527.5532217,12320.5764331,8418.3692485,3260.1444762,5775.65513693,2483.36502769,0.264609735909,0.201562405881
0.277259075986,45529.8919476,12494.1186297,8384.40694081,3292.16811451,5740.77138024,2505.31365531,0.263497427236,0.20051943875
0.281123917141,45532.1936112,12670.0888777,8350.75835931,3324.5074923,5706.06868521,2527.4337646,0.262390226651,0.199480350059
0.285042632085,45534.4585694,12848.5210031,8317.42550479,3357.16642291,5671.54647096,2549.72657987,0.261288160878,0.198445142383
0.289015971791,45536.6871752,13029.4493028,8284.4104327,3390.14878987,5637.2041541,2572.19333381,0.260191256827,0.197413818039
0.293044697697,45538.8797788,13212.9085508,8251.71525331,3423.45854884,5603.04114862,2594.83526753,0.259099541609,0.196386379089
0.297129581858,45541.0367267,13398.934005,8219.34213178,3457.09972954,5569.05686625,2617.65363064,0.25801304255,0.195362827347
0.301271407088,45543.1583626,13587.5614136,8187.29328827,3491.07643781,5535.25071609,2640.6496813,0.256931787209,0.194343164378
0.305470967116,45545.2450267,13778.8270225,8155.57099798,3525.39285761,5501.62210515,2663.82468626,0.255855803389,0.193327391505
0.309729066733,45547.2970562,13972.7675818,8124.17759122,3560.05325323,5468.17043811,2687.17992098,0.254785119152,0.192315509811
0.31404652195,45549.3147852,14169.4203528,8093.11545348,3595.06197145,5434.89305471,2710.71666515,0.253719762837,0.191307519832
0.31842416015,45551.2985446,14368.8231153,8062.38702532,3630.42344385,5401.78860222,2734.43620095,0.252659763066,0.190303421442
0.322862820254,45553.2486624,14571.0141748,8031.99480256,3666.14218911,5368.85925132,2758.33982341,0.251605148765,0.189303214609
0.327363352872,45555.1654636,14776.0323696,8001.94133613,3702.2228154,5336.10439742,2782.42884244,0.250555949175,0.188306899501
0.331926620473,45557.0492701,14983.9170784,7972.22923207,3738.67002291,5303.52343385,2806.70457693,0.249512193864,0.187314476065
0.336553497551,45558.900401,15194.7082278,7942.86115163,3775.48860635,5271.1157523,2831.16835476,0.248473912742,0.186325944026
0.341244870785,45560.7191724,15408.4463,7913.83981106,3812.68345759,5238.88074247,2855.82151288,0.247441136072,0.185341302898
0.346001639219,45562.5058976,15625.1723403,7885.16798167,3850.25956836,5206.81779248,2880.66539741,0.246413894484,0.184360551978
0.350824714424,45564.260887,15844.927965,7856.84848974,3888.22203303,5174.92628873,2905.70136364,0.245392218987,0.183383690355
0.355715020682,45565.9844485,16067.7553696,7828.88421643,3926.57605144,5143.20561597,2930.93077616,0.244376140981,0.182410716914
0.360673495157,45567.6768868,16293.6973364,7801.27809776,3965.32693188,5111.65515743,2956.35500885,0.243365692269,0.181441630333
0.365701088078,45569.3385042,16522.797243,7774.03312446,4004.48009409,5080.27429489,2981.97544503,0.242360905069,0.180476429092
0.370798762917,45570.9696002,16755.0990708,7747.1523419,4044.0410724,5049.06240861,3007.79347746,0.241361812027,0.179515111475
0.375967496579,45572.5704716,16990.6474126,7720.63884997,4084.01551891,5018.01887755,3033.81050842,0.240368446225,0.17855767557
0.381208279584,45574.1414127,17229.4874819,7694.49580297,4124.40920677,4987.14307927,3060.02794979,0.239380841195,0.177604119276
0.386522116263,45575.682715,17471.6651213,7668.72640946,4165.22803362,4956.43439009,3086.44722313,0.238399030929,0.176654440301
0.391910024943,45577.1946678,17717.2268109,7643.33393211,4206.47802503,4925.89218516,3113.0697597,0.23742304989,0.175708636172
0.397373038149,45578.6775576,17966.2196778,7618.32168752,4248.16533812,4895.51583842,3139.89700056,0.236452933022,0.174766704231
0.402912202795,45580.1316685,18218.6915044,7593.6930461,4290.29626523,4868.50903178,3166.93927125,0.235488715762,0.173829128754
0.408528580393,45581.557282,18474.6907382,7569.45143181,4332.87723771,4841.47885404,3194.20675046,0.234530434047,0.17289635836
0.414223247248,45582.9546774,18734.2665005,7545.60032197,4375.91482983,4814.37652708,3221.70019026,0.233578124327,0.171968312193
0.419997294672,45584.3241315,18997.4685962,7522.14324704,4419.41576279,4787.20436926,3249.42018198,0.232631823573,0.171044903458
0.425851829184,45585.6659188,19264.3475228,7499.08379033,4463.38690885,4759.96472431,3277.36729746,0.231691569287,0.170126047279
0.431787972733,45586.9803113,19534.9544807,7476.42558775,4507.83529554,4732.65996052,3305.54208885,0.230757399512,0.169211660673
0.437806862904,45588.2675789,19809.3413823,7454.17232752,4552.76811006,4705.29247008,3333.94508841,0.229829352838,0.168301662537
0.443909653139,45589.527989,20087.5608626,7432.32774979,4598.19270372,4677.86466816,3362.57680829,0.228907468416,0.167395973622
0.450097512961,45590.7966027,20369.6663961,7410.89564636,4644.11659655,4650.37899215,3391.43774037,0.227991784757,0.16649451564
0.456371628192,45592.0666718,20655.7122918,7389.87986022,4690.54748208,4622.83790093,3420.52835604,0.227082340024,0.165597211451
0.462733201188,45593.3114119,20945.7535112,7369.28428516,4737.49323211,4595.24387387,3449.84910609,0.226179174198,0.164703986622
0.469183451061,45594.5310833,21239.8456959,7349.11286537,4784.96190178,4567.59941,3479.40042045,0.225282328803,0.163814769197
0.475723613919,45595.7259448,21538.0452619,7329.36959484,4832.96173468,4539.90702718,3509.18270812,0.224391845959,0.162929488978
0.4823549431,45596.8962532,21840.4094103,7310.05851695,4881.5011681,4512.16926129,3539.19635694,0.223507768394,0.162048077509
0.489078709414,45598.0422637,22146.9961381,7291.18372383,4930.58883846,4484.3886651,3569.4417335,0.222630139443,0.161170468051
0.495896201384,45599.1642294,22457.8642495,7272.74935577,4980.23358687,4456.56780756,3599.91918298,0.221759003062,0.16029659557
0.502808725494,45600.2624018,22773.0733673,7254.75960055,5030.44446483,4426.38660655,3630.62100126,0.22089440383,0.159426044202
0.509817606442,45601.3370307,23092.6839436,7237.21869278,5081.23074011,4392.0924595,3661.52483622,0.220036386958,0.158557785884
0.516924187389,45602.3883642,23416.7572722,7220.13091305,5132.60190274,4357.85845873,3692.61595346,0.219184998293,0.157691174339
0.524129830221,45603.4166484,23745.3554997,7203.50058721,5184.5676712,4323.68771796,3723.89401394,0.218340284324,0.156826206034
0.531435915805,45604.4221279,24078.5416378,7187.33208544,5237.13799877,4289.58332724,3755.35866165,0.217502292188,0.155962878406
0.538843844261,45605.4050458,24416.3795749,7171.62982138,5290.32308002,4255.54835195,3787.00952372,0.216671069673,0.155101189843
0.546355035221,45606.3656433,24758.9340886,7156.39825104,5344.13335749,4221.5858317,3818.84621054,0.215846665223,0.154241139658
0.553970928111,45607.3041599,25106.2708582,7141.64187183,5398.57952854,4187.69877937,3850.86831598,0.215029127943,0.153382728073
0.561692982416,45608.2208338,25458.456477,7127.36522141,5453.67255237,4153.89017996,3883.07541745,0.214218507603,0.152525956197
0.569522677971,45609.1159013,25815.558465,7113.57287642,5509.42365723,4120.16298972,3915.46707611,0.213414854639,0.151670826003
0.577461515236,45609.9895973,26177.645282,7100.26945131,5565.84434781,4086.52013506,3948.04283702,0.212618220159,0.15081734031
0.585511015587,45610.842155,26544.7863406,7087.45959687,5622.94641278,4052.9645117,3980.80222927,0.211828655942,0.149965502762
0.593672721607,45611.6738062,26917.0520194,7075.14799886,5680.74193262,4019.49898366,4013.74476623,0.211046214441,0.149115317804
0.601948197383,45612.4847809,27294.5136767,7063.33937648,5739.24328751,3986.12638238,4046.86994562,0.210270948788,0.148266790666
0.610339028803,45613.2753078,27677.2436637,7052.03848068,5798.46316552,3952.84950586,4080.17724979,0.209502912789,0.147419927337
0.618846823862,45614.0456142,28065.3153388,7041.25009256,5858.41457097,3919.67111776,4113.66614582,0.208742160929,0.146574734549
0.627473212971,45614.7959255,28458.8030814,7030.97902142,5919.11083295,3886.59394662,4147.33608579,0.207988748368,0.145731219754
0.636219849266,45615.526466,28857.7823059,7021.23010299,5980.56561413,3854.94927024,4181.19231722,0.207242730946,0.144889592447
0.645088408927,45616.2374585,29262.3294765,7012.00819729,6042.79291968,3823.8639819,4215.24232395,0.206504165177,0.14405012859
0.6540805915,45616.929124,29672.5221219,7003.31818659,6105.80710651,3792.85292993,4249.48777849,0.205773108246,0.143212894443
0.663198120221,45617.6016825,30088.4388494,6995.16497314,6169.62289264,3761.91880959,4283.92820265,0.205049618012,0.142377882219
0.672442742348,45618.2553524,30510.1593607,6987.55347682,6234.25536683,3731.06428816,4318.56310132,0.204333753001,0.141545085041
0.681816229494,45618.8903505,30937.764467,6980.48863267,6299.71999842,3700.29200396,4353.39196266,0.203625572402,0.140714496915
0.691320377968,45619.5068926,31371.3361039,6973.9753883,6366.03264738,3669.60456562,4388.41425828,0.202925136063,0.139886112716
0.700957009117,45620.1051927,31810.9573478,6968.01870115,6433.20957464,3639.00455109,4423.62944341,0.202232504489,0.139059928158
0.710727969677,45620.6854636,32256.7124313,6962.62353571,6501.26745258,3608.49450707,4459.03695714,0.201547738829,0.138235939779
0.720635132129,45621.2479168,32708.6867596,6957.79486044,6570.22337581,3578.07694806,4494.63622258,0.200870900874,0.137414144922
0.730680395053,45621.7927623,33166.9669263,6953.53764476,6640.09487212,3547.75435574,4530.42664708,0.200202053051,0.136594541706
0.740865683494,45622.3202089,33631.6407309,6949.85685572,6710.89991377,3517.52917815,4566.40762243,0.199541258408,0.135777129013
0.751192949332,45622.8304639,34102.7971946,6946.75745468,6782.65692889,3487.40382905,4602.57852511,0.19888858061,0.134961906463
0.761664171655,45623.3237333,34580.526578,6944.2443937,6855.38481321,3457.38068722,4638.93871643,0.198244083928,0.134148874395
0.772281357139,45623.8002219,35064.9203979,6942.32261196,6929.10294202,3427.46209586,4675.48754286,0.197607833224,0.133338033847
0.78304654043,45624.260133,35556.0714453,6940.99703187,7003.83118235,3397.6503619,4712.22433616,0.196979893944,0.132529386533
0.793961784538,45624.7036688,36054.0738026,6940.27255512,7079.58990539,3368.23186364,4749.14996421,0.196360332099,0.131722977831
0.80502918123,45625.1310299,36559.0228619,6940.1540586,7156.39999918,3341.26672066,4786.27830542,0.195749214256,0.130919207647
0.816250851429,45625.5424159,37071.0153433,6940.6463901,7234.28288155,3314.36280532,4823.62194518,0.195146607519,0.130118420025
0.827628945625,45625.938025,37590.1493133,6941.75436395,7313.26051327,3287.5224788,4861.18038149,0.194552579515,0.129320592504
0.839165644283,45626.318054,38116.5242034,6943.48275642,7393.3554115,3260.74807902,4898.95309357,0.193967198374,0.12852570364
0.850863158264,45626.6826985,38650.2408295,6945.83630103,7474.59066343,3234.04191983,4936.93954198,0.193390532711,0.127733732987
0.862723729246,45627.032153,39191.4014107,6948.81968378,7556.98994022,3207.40629031,4975.13916884,0.192822651607,0.126944661068
0.874749630155,45627.3666105,39740.1095892,6952.43753807,7640.57751115,3180.84345396,5013.55139805,0.192263624588,0.126158469362
0.886943165601,45627.6862627,40296.4704501,6956.6944396,7725.37825805,3154.35564811,5052.17563545,0.1917135216,0.125375140279
0.899306672319,45627.9913003,40860.5905414,6961.59490119,7811.41768993,3127.94508312,5091.0112691,0.191172412988,0.124594657141
0.911842519615,45628.2819125,41432.5778943,6967.14336729,7898.72195791,3101.61394176,5130.05766942,0.190640369471,0.123817004158
0.924553109823,45628.5582873,42012.542044,6973.34420853,7987.31787035,3075.36437855,5169.3141895,0.190117462113,0.12304216641
0.937440878766,45628.8206115,42600.5940508,6980.20171608,8077.23290825,3049.19851914,5208.78016525,0.1896037623,0.122270129826
0.950508296219,45629.0690706,43196.846521,6987.72009589,8168.49524089,3023.11845968,5248.45491569,0.189099341706,0.121500881161
0.963757866384,45629.303849,43801.4136286,6995.90346282,8261.13374164,2997.12627469,5288.3377432,0.188604272266,0.120734407981
0.977192128372,45629.5251296,44414.4111372,7004.75583474,8355.17800414,2971.22398571,5328.42793371,0.188118626144,0.119970698638
0.990813656686,45629.7330942,45035.9564221,7014.28112646,8450.65835859,2945.41360243,5368.72475693,0.187642475701,0.119209742247
1.00462506172,45629.9279233,45666.1684928,7024.48314359,8547.60588833,2921.16180437,5409.23758147,0.187175893456,0.118451750169
1.01862899024,45630.1097963,46305.1680156,7035.36557642,8646.05244662,2898.54445897,5449.98695675,0.186718952055,0.11769716406
1.03282812594,45630.2788912,46953.0773369,7046.9319936,8746.03067368,2875.96648487,5490.98348899,0.186271724235,0.116946189695
1.04722518989,45630.4353849,47610.0205066,7059.18583589,8847.5740139,2853.42993794,5532.22673233,0.185834282778,0.116198789109
1.0618229411,45630.5794528,48276.1233015,7072.13040986,8950.71673332,2830.93685867,5573.71621847,0.18540670048,0.115454925485
1.07662417705,45630.7112693,48951.5132499,7085.76888152,9055.49393727,2808.48927137,5615.45145685,0.184989050105,0.114714563127
1.09163173419,45630.8310076,49636.3196554,7100.10427,9161.94158828,2786.08918355,5657.43193479,0.18458140434,0.113977667443
1.10684848855,45630.9388394,50330.6736223,7115.13944119,9270.09652411,2763.73858521,5699.65711773,0.184183835759,0.113244204926
1.12227735621,45631.0349354,51034.7080802,7130.87710152,9379.99647606,2741.43944808,5742.12644939,0.18379641677,0.112514143127
1.13792129392,45631.1194649,51748.5578094,7147.31979166,9491.68008745,2719.1937251,5784.83935199,0.183419219573,0.111787450643
1.15378329963,45631.1925962,52472.3594671,7164.46988034,9605.18693223,2697.00334963,5827.79522646,0.18305231611,0.111064097091
1.1698664131,45631.2544959,53206.2516133,7182.32955829,9720.55753389,2674.87023493,5870.99345267,0.182695778018,0.110344053089
1.18617371645,45631.3053298,53950.3747371,7200.90083221,9837.83338446,2652.7962735,5914.43338962,0.182349676576,0.109627290236
1.20270833477,45631.3452623,54704.8712841,7220.18551891,9957.05696372,2630.78333649,5958.11437572,0.182014082658,0.108913781092
1.2194734367,45631.3744565,55469.8856833,7240.18523964,10078.2717586,2608.83327305,6002.03572898,0.181689066679,0.108203499161
1.23647223505,45631.3930743,56245.5643747,7260.90141446,10201.5222826,2586.94790985,6046.1967473,0.181374698538,0.107496418865
1.25370798744,45631.4012763,57032.0558375,7282.33525689,10326.8540956,2565.12905051,6090.59670868,0.181071047572,0.106792515529
1.27118399687,45631.3992219,57829.5106184,7304.48776877,10454.313824,2546.16142964,6135.25918899,0.180778182492,0.106092185865
1.28890361239,45631.3870692,58638.0813607,7327.35973531,10583.9491801,2527.68306443,6180.21247582,0.180496171336,0.105395884934
1.30687022974,45631.3649752,59457.922833,7350.9517204,10715.8089827,2509.2188187,6225.46052021,0.180225081405,0.104703632814
1.325087292,45631.3330953,60289.1919591,7375.2640622,10849.9431776,2490.77044494,6271.00307805,0.179964979211,0.104015377786
1.34355829022,45631.2915839,61132.0478482,7400.29686903,10986.4028574,2472.33968957,6316.83987729,0.179715930418,0.103331069376
1.36228676414,45631.2405942,61986.6518251,7426.05001557,11125.2402829,2453.92829241,6362.970618,0.179477999784,0.102650658338
1.38127630283,45631.180278,62853.1674612,7452.52313937,11266.5089032,2435.53798593,6409.39497254,0.179251251103,0.101974096635
1.40053054539,45631.1107857,63731.7606056,7479.71563778,11410.2633769,2417.17049468,6456.11258562,0.179035747145,0.101301337422
1.42005318165,45631.0322667,64622.5994172,7507.62666516,11556.5595931,2398.82753458,6503.1230745,0.178831549601,0.100632335021
1.43984795288,45630.9448689,65525.8543966,7536.25513062,11705.4546923,2380.51081238,6550.42602908,0.178638719023,0.0999670449078
1.45991865247,45630.8487392,66441.6984187,7565.59969605,11857.0070881,2362.22202489,6598.02101211,0.178457314763,0.0993054236893
1.48026912674,45630.7440228,67370.3067662,7595.65877461,12011.2764882,2343.96285854,6645.90755929,0.178287394919,0.098647429087
1.50090327558,45630.6308641,68311.8571626,7626.43052974,12168.3239164,2325.73498862,6694.0851795,0.178129016277,0.097993019917
1.52182505326,45630.5094059,69266.5298065,7657.91287456,12328.2117338,2307.54007879,6742.55335495,0.177982234251,0.0973421560714
1.54303846918,45630.3797899,70234.5074064,7690.10347176,12491.0036609,2289.37978041,6791.31154141,0.17784710283,0.0966947985001
1.56454758862,45630.2421562,71215.9752148,7722.999734,12656.7647998,2271.25573201,6840.35916837,0.177723674521,0.0960509091919
1.58635653351,45630.096644,72211.1210647,7756.59882487,12825.5616558,2254.10102476,6889.70579644,0.177612000294,0.0954105918154
1.60846948327,45629.943391,73220.1354048,7790.89766016,12997.4621601,2240.08101442,6939.39560725,0.177512129528,0.0947744164756
1.63089067555,45629.7825337,74243.2113361,7825.89290994,13172.5356922,2226.04241385,6989.46351333,0.177424109964,0.0941427961903
1.65362440709,45629.6142072,75280.5446494,7861.58100089,13350.8531024,2211.98653565,7039.90999269,0.177347987646,0.0935156623199
1.67667503453,45629.4385455,76332.3338618,7897.95811937,13532.4867348,2197.91469903,7090.73548788,0.177283806877,0.0928929475773
1.70004697521,45629.2556809,77398.7802558,7935.02021494,13717.51045,2183.82822925,7141.94040578,0.177231610171,0.0922745860099
1.72374470806,45629.065745,78480.0879168,7972.76300438,13905.9996486,2169.72845721,7193.52511744,0.177191438207,0.0916605129834
1.74777277446,45628.8688675,79576.4637731,8011.18197628,14098.0312942,2155.61671894,7245.48995799,0.177163329781,0.0910506651647
1.77213577908,45628.6651773,80688.1176347,8050.2723962,14293.6839377,2141.49435505,7297.83522646,0.177147321771,0.0904449805051
1.79683839077,45628.4548016,81815.2622339,8090.02931233,14493.0377406,2127.36271026,7350.56118567,0.177143449093,0.0898433982239
1.82188534347,45628.2378667,82958.1132662,8130.44756157,14696.174499,2113.22313286,7403.66806219,0.177151744663,0.0892458587917
1.8472814371,45628.0144971,84116.8894311,8171.52177634,14903.1776689,2099.07697422,7457.15604615,0.177172239365,0.0886523039141
1.87303153851,45627.7848166,85291.8124743,8213.24639159,15114.1323898,2084.92558828,7511.02529129,0.177204962017,0.0880626765149
1.89914058236,45627.5489471,86483.1072299,8255.61565262,15329.1255105,2070.77033103,7565.27591479,0.177249939341,0.0874769207203
1.92561357213,45627.3070097,87691.0016639,8298.62362306,15548.245614,2056.61255995,7619.90799731,0.177307195938,0.0868949818422
1.95245558102,45627.0591238,88915.7269173,8342.26419356,15771.5830433,2042.45363352,7674.92158291,0.177376754261,0.0863168063626
1.97967175295,45626.8054078,90157.5173507,8386.53109073,15999.2299277,2028.29491176,7730.31667906,0.177458634597,0.085742341917
2.00726730356,45626.5459787,91416.610589,8431.41788651,16231.2802088,2015.27589489,7786.10896049,0.177552855047,0.0851717090617
2.03524752118,45626.2809521,92693.247567,8476.91800808,16467.8296677,2002.98722622,7842.32489878,0.177659431512,0.0846051368856
2.06361776786,45626.0104424,93987.6725755,8523.02474789,16708.9759525,1990.67924987,7898.97555032,0.177778377681,0.0840426763837
2.0923834804,45625.7345627,95300.133308,8569.73127424,16954.8186056,1978.3531045,7956.06157219,0.177909705024,0.0834842648801
2.12155017136,45625.4534249,96630.8809081,8617.03064206,17205.4590923,1966.0099356,8013.58358112,0.178053422784,0.0829298409143
2.15112343018,45625.1671393,97980.1700178,8664.91580387,17461.0008299,1953.65089517,8071.54215323,0.178209537978,0.0823793442261
2.18110892419,45624.8758153,99348.258826,8713.37962122,17721.5492166,1941.27714122,8129.93782388,0.178378055398,0.0818327157411
2.21151239973,45624.5795607,100735.409118,8762.41487615,17987.2116618,1928.88983736,8188.77108741,0.178558977616,0.0812898975554
2.24233968322,45624.2784822,102141.886326,8812.0142829,18258.0976168,1916.49015238,8248.04239695,0.17875230499,0.0807508329213
2.27359668233,45623.9726852,103567.959578,8862.1704997,18534.3186058,1904.07925979,8307.7521643,0.178958035682,0.0802154662323
2.30528938705,45623.6622736,105013.901754,8912.87614085,18815.9882581,1891.6583374,8367.90075974,0.179176165667,0.0796837430089
2.33742387089,45623.3473504,106479.989532,8964.12378858,19103.2223408,1879.22856685,8428.48851189,0.179406688756,0.0791556098842
2.37000629201,45623.0280169,107966.503446,9015.90600522,19396.138792,1866.79113319,8489.51570758,0.179649596615,0.0786310145889
2.40304289441,45622.7043736,109473.727937,9068.21534528,19694.8577554,1854.34722438,8550.98259177,0.179904878792,0.0781099059375
2.43654000913,45622.3765193,111001.951408,9121.04436741,19999.501615,1841.89803088,8612.88936744,0.180172522747,0.0775922338139
2.47050405546,45622.0445517,112551.46628,9174.38564643,20310.1950313,1829.44474519,8675.23619551,0.180452513881,0.0770779491572
2.50494154217,45621.7085673,114122.569048,9228.23178518,20627.064978,1816.98856137,8738.02319479,0.180744835575,0.0765670039473
2.53985906878,45621.3686614,115715.560337,9282.5754262,20950.2407796,1807.91550953,8801.30953697,0.181049469222,0.0760598618834
2.57526332677,45621.0249277,117330.744958,9337.4092634,21279.8541505,1798.88112612,8865.15751627,0.181366394274,0.0755569865294
2.61116110092,45620.6774592,118968.43197,9392.7260533,21616.0392342,1789.81248489,8929.57057263,0.181695588285,0.0750583194612
2.64755927057,45620.3263471,120628.934738,9448.51862624,21958.9326443,1780.71026615,8994.55081905,0.182037026954,0.0745637921662
2.68446481096,45619.9716817,122312.57099,9504.77989715,22308.6735064,1771.57516172,9060.10032572,0.182390684177,0.0740733372896
2.72188479458,45619.613552,124019.662883,9561.50287616,22665.4035009,1762.40787474,9126.22111938,0.182756532102,0.0735868886212
2.75982639247,45619.2520458,125750.537058,9618.68067883,23029.2669069,1753.20911952,9192.91518255,0.183134541177,0.0731043810836
2.79829687566,45618.8872496,127505.52471,9676.306536,23400.4106475,1743.97962131,9260.18445288,0.183524680211,0.0726257507191
2.83730361652,45618.5192488,129284.961646,9734.37380332,23778.9843365,1734.72011616,9328.03082248,0.183926916431,0.0721509346774
2.87685409019,45618.1481273,131089.188351,9792.87597035,24165.1403255,1725.43135066,9396.45613723,0.184341215545,0.0716798712037
2.91695587602,45617.7739683,132918.550055,9851.80666921,24559.0337535,1716.11408173,9465.46219615,0.184767541801,0.0712124996263
2.95761665899,45617.3968533,134773.396796,9911.15968288,24960.8225964,1706.76907645,9535.05075077,0.185205858054,0.070748760345
2.99884423123,45617.0168629,136654.083487,9970.9289529,25370.6677191,1697.39711177,9605.22350449,0.185656125831,0.0702885948185
3.04064649347,45616.6340765,138560.969987,10031.1085868,25788.7329283,1687.99897432,9675.98211197,0.186118305398,0.0698319455534
3.08303145657,45616.2485723,140494.42117,10091.6928647,26215.1850268,1678.57546012,9747.32817856,0.186592355829,0.0693787560916
3.12600724307,45615.8604271,142454.806989,10152.676246,26650.1938692,1669.12737438,9819.2632597,0.187078235074,0.0689289709997
3.16958208873,45615.469717,144442.502554,10214.0533748,27093.9324191,1660.87023084,9891.81532554,0.18757590003,0.0684827190796
3.2137643441,45615.0765166,146457.8882,10275.8190852,27546.5768079,1654.8021893,9965.06226835,0.188085306613,0.0680404612605
3.25856247615,45614.6808995,148501.34956,10337.9684065,28008.306395,1648.69464599,10039.0575121,0.188606409828,0.067602466522
3.30398506987,45614.282938,150573.277639,10400.496567,28479.3038294,1642.54780579,10113.8058964,0.18913916384,0.0671686640219
3.35004082991,45613.8827034,152674.068892,10463.3989978,28959.7551132,1636.36188383,10189.3122354,0.18968352205,0.066738983963
3.39673858227,45613.480266,154804.125295,10526.671336,29449.8496665,1630.13710551,10265.5813158,0.190239437163,0.0663133575819
3.44408727597,45613.0756948,156963.854422,10590.3094276,29949.7803935,1623.87370654,10342.6178964,0.190806861259,0.0658917171376
3.49209598479,45612.6690577,159153.66953,10654.309329,30459.7437514,1617.57193303,10420.4267064,0.191385745872,0.0654739959003
3.54077390897,45612.2604216,161373.989631,10718.6673095,30979.9398195,1611.23204147,10499.0124439,0.191976042053,0.0650601281403
3.59013037701,45611.8498522,163625.239572,10783.3798513,31510.5723713,1604.85429883,10578.3797752,0.192577700443,0.0646500491176
3.64017484745,45611.4374143,165907.850124,10848.4436513,32051.8489472,1598.43898255,10658.5333332,0.193190671347,0.0642436950707
3.69091691066,45611.0231716,168222.258055,10913.8556202,32603.9809299,1591.98638059,10739.4777159,0.193814904799,0.0638410032068
3.74236629072,45610.6071864,170568.90622,10979.6128825,33167.1836208,1585.49679141,10821.2174856,0.194450350629,0.0634419116909
3.79453284724,45610.1895205,172948.243643,11045.7127759,33741.6763186,1578.97052406,10903.7571671,0.195096958535,0.0630463596359
3.84742657726,45609.7702342,175360.725605,11112.1528497,34327.6823998,1572.40789811,10987.1012468,0.195754678143,0.0626542870928
3.90105761719,45609.3493871,177806.813728,11178.930863,34925.4294001,1565.80924372,11071.2541713,0.196423459078,0.0622656350402
3.95543624473,45608.9270375,180286.976068,11246.0447828,35535.1490993,1559.1749016,11156.2203457,0.197103251019,0.0618803453752
4.01057288086,45608.5032428,182801.687198,11313.4927813,36157.0776061,1554.9872017,11242.0725571,0.197794003766,0.0614987352107
4.06647809178,45608.0780596,185351.428307,11381.2732329,36791.4554466,1551.69932592,11328.9125399,0.198495667299,0.0611212583758
4.12316259103,45607.6515431,187936.687285,11449.3847111,37438.5276531,1548.37977887,11416.7757557,0.199208191833,0.0607479887011
4.18063724146,45607.223748,190557.958821,11517.8259845,38098.5438561,1545.02842377,11505.6720333,0.199931527877,0.0603788585083
4.23891305734,45606.7947275,193215.744494,11586.5960131,38771.7583773,1541.64512729,11595.611243,0.200665626287,0.060013801015
4.29800120649,45606.3645344,195910.552874,11655.6939439,39458.4303252,1538.22975976,11686.6032964,0.201410438317,0.0596527503239
4.3579130124,45605.93322,198642.899613,11725.1191063,40158.8236919,1534.78219523,11778.6581443,0.202165915671,0.0592956414109
4.41865995639,45605.500835,201413.307551,11794.8710072,40873.2074529,1531.30231159,11871.7857762,0.20293201055,0.0589424101144
4.48025367983,45605.0674292,204222.30681,11864.9493258,41601.855668,1527.78999065,11965.9962188,0.203708675697,0.0585929931247
4.54270598637,45604.6330512,207070.434897,11935.3539086,42345.0475848,1524.2451183,12061.2995349,0.204495864443,0.0582473279729
4.6060288442,45604.197749,209958.236809,12006.0847635,43103.0677434,1520.66758458,12157.705822,0.205293530744,0.0579053530205
4.67023438833,45603.7615695,212886.265138,12077.1420542,43876.2060844,1517.0572838,12255.225211,0.206101629225,0.0575670074494
4.73533492292,45603.3245588,215855.08017,12148.5260943,44664.7580581,1513.41411468,12353.8678651,0.206920115213,0.0572322312514
4.80134292365,45602.886762,218865.250002,12220.2373412,45469.0247355,1509.73798041,12453.643978,0.207748944773,0.0569009652187
4.86827104012,45602.4482235,221917.350644,12292.2763901,46289.3129224,1506.0287888,12554.5637727,0.208588074741,0.0565731509336
4.93613209824,45602.0089867,225011.966129,12364.6439672,47125.9352751,1502.28645237,12656.6375005,0.209437462753,0.0562487307594
5.0049391027,45601.5690943,228149.688631,12437.340924,47979.2104176,1498.73114331,12759.883016,0.21029706727,0.0559276810438
5.07470523949,45601.128588,231331.118572,12510.3682302,48849.4630624,1497.13793836,12864.3881221,0.211166847607,0.0556102793324
5.14544387839,45600.6875087,234556.86474,12583.7269678,49737.0241317,1495.52597858,12970.2366082,0.212046763956,0.0552967683232
5.21716857555,45600.2458967,237827.544405,12657.4183237,50642.2308828,1493.89508809,13077.4442685,0.212936777401,0.0549870886538
5.2898930761,45599.8037911,241143.783437,12731.443584,51565.4270336,1492.24509059,13186.027045,0.213836849944,0.0546811817295
5.36363131674,45599.3612306,244506.216425,12805.8041267,52506.9628921,1490.57580926,13296.0010277,0.214746944515,0.0543789897128
5.43839742846,45598.9182529,247915.486801,12880.5014155,53467.1954871,1488.88706691,13407.3824548,0.215667024989,0.0540804555125
5.51420573924,45598.474895,251372.246962,12955.5369929,54446.4887015,1487.17868593,13520.1877136,0.216597056196,0.0537855227733
5.59107077676,45598.031193,254877.158393,13030.912474,55445.2134081,1485.45048838,13634.4333401,0.217537003934,0.0534941358654
5.66900727121,45597.5871824,258430.891796,13106.6295396,56463.7476072,1483.702296,13750.1360198,0.218486834971,0.0532062398743
5.74803015813,45597.1428979,262034.127217,13182.6899299,57502.4765669,1481.93393026,13867.3125879,0.219446517053,0.0529217805908
5.82815458123,45596.6983735,265687.554179,13259.0954382,58561.7929662,1480.14521238,13985.9800291,0.220416018911,0.0526407045012
5.90939589534,45596.2536424,269391.871808,13335.8479043,59642.0970391,1478.33596341,14106.1554784,0.221395310255,0.0523629587771
5.99176966931,45595.8087371,273147.788975,13412.9492082,60743.7967228,1476.50600422,14227.8562206,0.22238436178,0.0520884912667
6.07529168902,45595.3636895,276956.024426,13490.4012645,61867.3078069,1474.65515557,14351.0996908,0.223383145159,0.0518172504845
6.15997796038,45594.9185307,280817.306918,13568.2060157,63013.0540864,1472.78323817,14475.9034747,0.224391633044,0.0515491856022
6.24584471244,45594.4732911,284732.375367,13646.3654264,64181.4675156,1470.8900727,14602.2853078,0.225409799053,0.0512842464401
6.33290840046,45594.0280005,288701.978981,13724.8814776,65372.9883661,1469.7737258,14730.2978256,0.226437617771,0.0510225038206
6.42118570906,45593.5826881,292726.877406,13803.7561609,66588.0653863,1469.54432394,14860.0353689,0.227475064731,0.0507641645364
6.51069355548,45593.1373823,296807.840874,13882.9914726,67827.1559638,1469.31179739,14991.56071,0.228522116411,0.0505093149356
6.60144909273,45592.6921109,300945.650346,13962.5894088,69090.7262903,1469.07610462,15124.8981964,0.229578750219,0.0502579059674
6.69346971296,45592.246901,305141.097668,14042.5519594,70379.2515294,1468.83720354,15260.0724988,0.230644944477,0.050009889246
6.78677305072,45591.8017793,309394.985714,14122.8811034,71693.2159865,1468.59505159,15397.1086157,0.231720678411,0.0497652170418
6.88137698642,45591.3567717,313708.128548,14203.5788034,73033.1132822,1468.34960563,15536.0318775,0.232805932126,0.0495238422714
6.97729964967,45590.9119035,318081.351574,14284.647001,74399.4465275,1468.10082198,15676.8679502,0.233900686599,0.0492857184888
7.07455942282,45590.4671995,322515.491698,14366.0876117,75792.728502,1467.84865645,15819.6428404,0.235004923649,0.0490507998765
7.17317494447,45590.0226838,327011.397485,14447.9025204,77213.4818358,1467.59306424,15964.3828986,0.236118625924,0.0488190412365
7.273165113,45589.57838,331569.929324,14530.093577,78662.2391926,1467.33400004,16111.1148245,0.23724177688,0.0485903979815
7.37454909026,45589.134311,336191.959591,14612.6625916,80139.5434569,1467.07141795,16259.8656706,0.238374360751,0.0483648261261
7.47734630518,45588.6904994,340878.372817,14695.6113309,81645.9479236,1466.80527151,16410.6628469,0.239516362534,0.0481422822788
7.58157645752,45588.2469671,345630.065858,14778.9415135,83182.0164902,1466.53551366,16563.5341254,0.240667767961,0.0479227236329
7.68725952166,45587.8037354,350447.948066,14862.6548063,84748.3238528,1466.26209678,16718.5076444,0.241828563473,0.0477061079588
7.7944157504,45587.3608251,355332.94146,14946.7528209,86345.4557039,1465.98497265,16875.6119132,0.242998736197,0.0474923935953
7.90306567886,45586.9182566,360285.98091,15031.2371093,87974.0089345,1465.70409245,17034.8758168,0.244178273916,0.047281539442
8.0132301284,45586.4760497,365308.014308,15115.6711534,89634.5677115,1466.4006937,17196.3826717,0.245367098998,0.0470736529124
8.12493021061,45586.0342235,370400.002755,15200.2276943,91327.7119084,1467.29317204,17360.2295947,0.246565095111,0.0468688700474
8.2381873314,45585.592797,375562.920741,15285.3183465,93054.0644935,1468.19920102,17526.4623018,0.247772235634,0.0466671796758
8.35302319503,45585.1517884,380797.756337,15370.8094792,94814.2759506,1469.11900282,17695.1170381,0.248988536231,0.0464685433242
8.46945980831,45584.7112156,386105.511379,15456.8221514,96609.008462,1470.0528037,17866.2306436,0.250214010458,0.0462729231185
8.58751948485,45584.2710959,391487.201659,15543.4068679,98438.9469672,1471.00083418,18039.8405642,0.251448697556,0.0460802817762
8.70722484924,45583.8314462,396943.857127,15630.5552292,100304.792213,1471.96332907,18215.984863,0.25269264258,0.0458905825999
8.8285988415,45583.3922829,402476.522081,15718.2590208,102207.257582,1472.9405276,18394.702232,0.253945887462,0.0457037894704
8.95166472138,45582.953622,408086.255368,15806.4075671,104147.062998,1473.93267349,18576.0320036,0.255208455635,0.0455198668402
9.07644607289,45582.5154791,413774.13059,15895.0781979,106124.940118,1474.94001506,18760.0141634,0.256480365184,0.0453387797266
9.20296680876,45582.0778693,419541.236309,15983.7000221,108141.603357,1475.96280536,18946.6893616,0.257761559528,0.0451604937056
9.33125117508,45581.6408073,425388.676249,16072.8292049,110197.779126,1477.00130223,19136.0989262,0.259051980645,0.0449849749056
9.46132375589,45581.2043073,431317.569518,16162.4201192,112294.240163,1478.05576847,19328.284876,0.260351648295,0.044812190001
9.59320947794,45580.7683833,437329.050814,16252.461113,114431.770171,1479.12647187,19523.2899335,0.261660573332,0.0446421062063
9.72693361543,45580.3330487,443424.270645,16342.9166599,116611.16456,1480.21368541,19721.1575386,0.262978759351,0.04447469127
9.86252179487,45579.8983165,449604.395549,16433.7843799,118833.231171,1481.31768732,19921.9318622,0.264306204182,0.0443099134692
10,45579.4641996,455870.608319,16527.7488944,121098.977388,1482.5741781,20125.6671291,0.265643310136,0.0441477620224
