E_MeV,S_mass_MeV_cm2_g
0.01,204.161421223
0.0101393945768,205.585750305
0.0102807322383,207.019972026
0.0104240400702,208.464155098
0.0105693455356,209.918368709
0.0107166764803,211.382682529
0.0108660611385,212.857166713
0.0110175281379,214.341891899
0.011171106505,215.83692922
0.0113268256714,217.342350301
0.0114847154784,218.858227265
0.0116448061837,220.384632735
0.0118071284667,221.92163984
0.0119717134342,223.469322215
0.0121385926269,225.027754009
0.0123077980251,226.597009883
0.0124793620547,228.177165019
0.0126533175939,229.76829512
0.0128296979789,231.370476415
0.0130085370109,232.983785663
0.013189868962,234.608300154
0.0133737285821,236.244097717
0.0135601511057,237.891256722
0.0137491722581,239.549856082
0.0139408282628,241.219975258
0.0141351558484,242.901694263
0.014332192255,244.595093666
0.0145319752424,246.300254597
0.0147345430962,248.017258746
0.0149399346361,249.746188374
0.0151481892226,251.487126311
0.0153593467651,253.240155964
0.0155734477293,255.005361317
0.0157905331447,256.78282694
0.0160106446132,258.572637989
0.0162338243161,260.374880211
0.0164601150231,262.189639949
0.0166895600998,264.017004147
0.0169222035164,265.85706035
0.0171580898561,267.709896714
0.0173972643234,269.575602006
0.0176397727531,271.454265608
0.0178856616188,273.345977527
0.018134978042,275.25082839
0.0183877698008,277.168909458
0.0186440853397,279.100312622
0.0189039737782,281.045130414
0.0191674849206,283.003456008
0.0194346692654,284.975383225
0.019705578015,286.961006536
0.0199802630857,288.960421071
0.0202587771174,290.97372262
0.0205411734835,293.001007636
0.0208275063019,295.042373244
0.0211178304445,297.097917244
0.0214122015482,299.167738115
0.0217106760254,301.251935018
0.0220133110749,303.350607804
0.022320164693,305.463857019
0.022631295684,307.591783906
0.0229467636723,309.734490411
0.0232666291133,311.892079188
0.0235909533051,314.064653604
0.0239197984002,316.252317745
0.0242532274176,318.455176419
0.0245913042547,320.673335162
0.0249340936995,322.906900244
0.0252816614433,325.155978671
0.025634074093,327.420678194
0.0259913991838,329.701107311
0.0263537051927,331.997375276
0.0267210615508,334.309592099
0.0270935386573,336.637868557
0.0274712078927,338.982316192
0.0278541416324,341.343047326
0.0282424132608,343.720175058
0.0286360971851,346.113813272
0.0290352688498,348.524076646
0.029440004751,350.95108065
0.0298503824512,353.394941562
0.030266480594,355.855776461
0.0306883789192,358.333703245
0.0311161582782,360.828840627
0.0315499006496,363.341308146
0.0319896891543,365.871226171
0.0324356080724,368.418715907
0.0328877428583,370.983899402
0.0333461801579,373.56689955
0.0338110078248,376.167840099
0.0342823149373,378.786845656
0.0347601918154,381.424041696
0.035244730038,384.079554563
0.0357360224607,386.753511479
0.0362341632332,389.446040549
0.036739247818,392.15727077
0.037251373008,394.887332033
0.0377706369454,397.636355132
0.0382971391405,400.404471768
0.0388309804906,403.19181456
0.0393722632996,405.998517044
0.0399210912975,408.824713687
0.04047756966,411.670539887
0.041041805029,414.536131986
0.0416139055332,417.421627269
0.0421939808081,420.327163977
0.0427821420177,423.25288131
0.0433785018756,426.198919437
0.0439831746665,429.165419497
0.0445962762682,432.152523612
0.0452179241737,435.16037489
0.0458482375139,438.189117434
0.0464873370802,441.238896347
0.0471353453479,444.30985774
0.0477923864994,447.402148738
0.0484585864482,450.51591749
0.049134072863,453.651313171
0.0498189751921,456.808485996
0.0505134246882,459.987587219
0.0512175544336,463.188769148
0.0519314993659,466.412185146
0.0526553963033,469.657989645
0.0533893839715,472.926338146
0.0541336030297,476.217387231
0.0548881960979,479.531294571
0.0556533077843,482.86821893
0.0564290847126,486.228320176
0.0572156755506,489.611759288
0.0580132310383,493.018698362
0.058821904017,496.449300619
0.0596418494584,499.903730416
0.0604732244946,503.382153249
0.061316188448,506.884735766
0.0621709028616,510.411645771
0.0630375315307,513.963052233
0.0639162405334,517.539125297
0.0648071982631,521.140036286
0.0657105754604,524.765957716
0.0666265452458,528.4170633
0.0675552831533,532.093527958
0.0684969671636,535.795527825
0.0694517777382,539.523240259
0.0704198978545,543.276843849
0.0714015130401,547.056518427
0.0723968114091,550.862445071
0.0734059836976,554.694806118
0.0744292233004,558.553785172
0.0754667263084,562.439567112
0.0765186915457,566.3523381
0.0775853206079,570.292285593
0.0786668179007,574.259598348
0.0797633906793,578.254466434
0.0808752490877,582.27708124
0.0820026061993,586.327635484
0.0831456780577,590.406323223
0.0843046837179,594.513339863
0.0854798452884,598.648882164
0.0866713879739,602.813148256
0.0878795401182,607.006337642
0.0891045332482,611.228651214
0.0903466021181,615.480291257
0.0916059847544,619.761461462
0.0928829225017,624.072366933
0.0941776600687,628.413214201
0.0954904455752,632.784211231
0.0968215305997,637.185567431
0.0981711702275,641.617493664
0.0995396230998,646.080202258
0.100927151463,650.573907017
0.102334021219,655.098823227
0.103760501977,659.655167672
0.105206867102,664.243158641
0.106673393773,668.863015937
0.108160363031,673.514960892
0.109668059834,678.199216376
0.111196773112,682.916006805
0.112746795824,687.665558153
0.114318425013,692.448097967
0.11591196186,697.263855371
0.117527711746,702.113061083
0.11916598431,706.99594742
0.120827093504,711.912748318
0.12251135766,716.863699332
0.124219099545,721.849037656
0.125950646426,726.869002132
0.127706330131,731.92383326
0.129486487115,737.013773211
0.131291458521,742.139065836
0.13312159025,747.299956682
0.134977233023,752.496693001
0.13685874245,757.729523761
0.138766479098,762.998699661
0.14070080856,768.30447314
0.142662101526,773.647098392
0.144650733852,779.026831373
0.146667086634,784.443929822
0.148711546281,789.898653263
0.150784504586,795.391263025
0.152886358806,800.922022253
0.155017511734,806.491195918
0.157178371777,812.099050832
0.159369353038,817.745855659
0.16159087539,823.432482499
0.163843364558,829.158797676
0.166127252203,834.924883415
0.168442976004,840.731016013
0.170790979739,846.577473688
0.173171713372,852.46453659
0.175585633141,858.392486819
0.178033201643,864.361608433
0.180514887922,870.372187467
0.183031167562,876.424511942
0.185582522776,882.518871882
0.188169442497,888.655559328
0.190792422477,894.83486835
0.193451965374,901.057095061
0.196148580858,907.322537634
0.198882785699,913.631496315
0.201655103872,919.984273435
0.204466066658,926.381173429
0.20731621274,932.822502847
0.210206088313,939.308570369
0.213136247184,945.839686824
0.216107250881,952.416165199
0.219119668758,959.038320658
0.222174078106,965.706470554
0.225271064265,972.42093445
0.22841122073,979.182034126
0.231595149274,985.990093603
0.234823460055,992.845439152
0.238096771738,999.748399313
0.24141571161,1006.69930491
0.244780915704,1013.69848907
0.248193028919,1020.74628723
0.251652705141,1027.84303716
0.255160607373,1034.98907898
0.25871740786,1042.18365196
0.262323788216,1049.4259968
0.265980439559,1056.71861503
0.269688062639,1064.06185534
0.273447367974,1071.45606887
0.277259075986,1078.90160916
0.281123917141,1086.39883221
0.285042632085,1093.94809648
0.289015971791,1101.5497629
0.293044697697,1109.20419492
0.297129581858,1116.91175847
0.301271407088,1124.67282206
0.305470967116,1132.48775671
0.309729066733,1140.35693602
0.31404652195,1148.28123039
0.31842416015,1156.26121948
0.322862820254,1164.2966295
0.327363352872,1172.38784569
0.331926620473,1180.53525602
0.336553497551,1188.73925112
0.341244870785,1197.00022438
0.346001639219,1205.3185719
0.350824714424,1213.69469255
0.355715020682,1222.12898799
0.360673495157,1230.62186267
0.365701088078,1239.17372385
0.370798762917,1247.78498164
0.375967496579,1256.456049
0.381208279584,1265.18734177
0.386522116263,1273.9792787
0.391910024943,1282.83228143
0.397373038149,1291.74677456
0.402912202795,1299.765831
0.408528580393,1307.88140715
0.414223247248,1316.11014
0.419997294672,1324.45360757
0.425851829184,1332.91340989
0.431787972733,1341.49116934
0.437806862904,1350.18853091
0.443909653139,1359.00716256
0.450097512961,1367.94875553
0.456371628192,1377.01502463
0.462733201188,1386.20770862
0.469183451061,1395.52857053
0.475723613919,1404.97939799
0.4823549431,1414.56200354
0.489078709414,1424.27822507
0.495896201384,1434.12992607
0.502808725494,1444.95749933
0.509817606442,1457.44120911
0.516924187389,1470.09898892
0.524129830221,1482.93326654
0.531435915805,1495.94650363
0.538843844261,1509.14119623
0.546355035221,1522.51987519
0.553970928111,1536.08510668
0.561692982416,1549.8394927
0.569522677971,1563.78567154
0.577461515236,1577.92631834
0.585511015587,1592.26414554
0.593672721607,1606.80190346
0.601948197383,1621.5423808
0.610339028803,1636.48840517
0.618846823862,1651.64284365
0.627473212971,1667.00860333
0.636219849266,1681.9557156
0.645088408927,1696.87947615
0.6540805915,1712.01134384
0.663198120221,1727.35422158
0.672442742348,1742.91105277
0.681816229494,1758.68482191
0.691320377968,1774.67855512
0.700957009117,1790.8953208
0.710727969677,1807.33823013
0.720635132129,1824.01043774
0.730680395053,1840.91514226
0.740865683494,1858.05558698
0.751192949332,1875.43506044
0.761664171655,1893.05689709
0.772281357139,1910.92447789
0.78304654043,1929.041231
0.793961784538,1947.23339276
0.80502918123,1964.18980933
0.816250851429,1981.38269484
0.827628945625,1998.81534811
0.839165644283,2016.49111399
0.850863158264,2034.41338402
0.862723729246,2052.58559704
0.874749630155,2071.01123991
0.886943165601,2089.69384811
0.899306672319,2108.63700646
0.911842519615,2127.84434981
0.924553109823,2147.31956371
0.937440878766,2167.06638514
0.950508296219,2187.0886032
0.963757866384,2207.39005321
0.977192128372,2227.97464154
0.990813656686,2248.84631389
1.00462506172,2268.79372401
1.01862899024,2287.69758546
1.03282812594,2306.86509371
1.04722518989,2326.29992678
1.0618229411,2346.00581398
1.07662417705,2365.98653666
1.09163173419,2386.24592888
1.10684848855,2406.78787818
1.12227735621,2427.61632634
1.13792129392,2448.73527006
1.15378329963,2470.14876181
1.1698664131,2491.86091056
1.18617371645,2513.87588256
1.20270833477,2536.19790215
1.2194734367,2558.83125258
1.23647223505,2581.78027681
1.25370798744,2605.04937833
1.27118399687,2625.60176118
1.28890361239,2645.92062725
1.30687022974,2666.52288857
1.325087292,2687.41249819
1.34355829022,2708.59346429
1.36228676414,2730.06985088
1.38127630283,2751.84577861
1.40053054539,2773.92542557
1.42005318165,2796.31302804
1.43984795288,2819.01288134
1.45991865247,2842.02934065
1.48026912674,2865.3668218
1.50090327558,2889.02980216
1.52182505326,2913.02282146
1.54303846918,2937.35048267
1.56454758862,2962.01745288
1.58635653351,2985.73055509
1.60846948327,3005.38024528
1.63089067555,3025.30399751
1.65362440709,3045.50563372
1.67667503453,3065.98902905
1.70004697521,3086.75811262
1.72374470806,3107.81686827
1.74777277446,3129.16933528
1.77213577908,3150.81960921
1.79683839077,3172.77184261
1.82188534347,3195.03024586
1.8472814371,3217.59908797
1.87303153851,3240.48269736
1.89914058236,3263.68546271
1.92561357213,3287.21183381
1.95245558102,3311.06632239
1.97967175295,3335.25350119
2.00726730356,3357.79366424
2.03524752118,3379.33817418
2.06361776786,3401.18315455
2.0923834804,3423.33279406
2.12155017136,3445.79133973
2.15112343018,3468.56309769
2.18110892419,3491.652434
2.21151239973,3515.06377552
2.24233968322,3538.80161069
2.27359668233,3562.87049045
2.30528938705,3587.27502908
2.33742387089,3612.0199051
2.37000629201,3637.10986213
2.40304289441,3662.54970983
2.43654000913,3688.34432483
2.47050405546,3714.49865162
2.50494154217,3741.01770352
2.53985906878,3760.56413779
2.57526332677,3780.22318191
2.61116110092,3800.1563669
2.64755927057,3820.36751327
2.68446481096,3840.8604947
2.72188479458,3861.63923881
2.75982639247,3882.70772792
2.79829687566,3904.06999979
2.83730361652,3925.73014841
2.87685409019,3947.69232477
2.91695587602,3969.9607377
2.95761665899,3992.53965462
2.99884423123,4015.43340239
3.04064649347,4038.64636813
3.08303145657,4062.18300008
3.12600724307,4086.04780844
3.16958208873,4107.12676597
3.2137643441,4122.75144958
3.25856247615,4138.59398608
3.30398506987,4154.65741115
3.35004082991,4170.94480275
3.39673858227,4187.45928176
3.44408727597,4204.2040125
3.49209598479,4221.18220343
3.54077390897,4238.39710769
3.59013037701,4255.85202379
3.64017484745,4273.55029617
3.69091691066,4291.49531592
3.74236629072,4309.69052138
3.79453284724,4328.13939883
3.84742657726,4346.84548311
3.90105761719,4365.81235839
3.95543624473,4385.04365876
4.01057288086,4397.26723742
4.06647809178,4406.91053318
4.12316259103,4416.68826767
4.18063724146,4426.60231432
4.23891305734,4436.65457271
4.29800120649,4446.84696889
4.3579130124,4457.18145576
4.41865995639,4467.6600134
4.48025367983,4478.28464961
4.54270598637,4489.05740015
4.6060288442,4499.98032914
4.67023438833,4511.05552948
4.73533492292,4522.2851233
4.80134292365,4533.67126226
4.86827104012,4545.21612807
4.93613209824,4556.92193286
5.0049391027,4568.09687678
5.07470523949,4573.12181322
5.14544387839,4578.21679812
5.21716857555,4583.38280776
5.2898930761,4588.62083201
5.36363131674,4593.93187458
5.43839742846,4599.31695316
5.51420573924,4604.77709962
5.59107077676,4610.31336025
5.66900727121,4615.9267959
5.74803015813,4621.61848222
5.82815458123,4627.38950987
5.90939589534,4633.24098472
5.99176966931,4639.17402806
6.07529168902,4645.18977681
6.15997796038,4651.28938375
6.24584471244,4657.47401772
6.33290840046,4661.12839134
6.42118570906,4661.88002849
6.51069355548,4662.64214324
6.60144909273,4663.41488163
6.69346971296,4664.19839176
6.78677305072,4664.99282375
6.88137698642,4665.79832986
6.97729964967,4666.61506445
7.07455942282,4667.44318402
7.17317494447,4668.28284727
7.273165113,4669.13421512
7.37454909026,4669.99745071
7.47734630518,4670.87271947
7.58157645752,4671.76018914
7.68725952166,4672.66002978
7.7944157504,4673.57241385
7.90306567886,4674.49751618
8.0132301284,4672.20385236
8.12493021061,4669.26841642
8.2381873314,4666.29206172
8.35302319503,4663.27421785
8.46945980831,4660.2143065
8.58751948485,4657.11174126
8.70722484924,4653.96592757
8.8285988415,4650.77626254
8.95166472138,4647.54213493
9.07644607289,4644.26292494
9.20296680876,4640.93800416
9.33125117508,4637.56673538
9.46132375589,4634.14847254
9.59320947794,4630.68256057
9.72693361543,4627.16833526
9.86252179487,4623.60512314
10,4619.55620365
